y,x,osmid,highway,address,ref
1.3908289,103.8941221,375767081,traffic_signals,"Sengkang Square, Sengkang, Northeast, 543216, Singapore",
1.3885107,103.9060275,242958383,traffic_signals,"Rivervale Drive, Punggol, Northeast, 540143, Singapore",
1.3893131,103.906717,242958389,,"Rivervale Drive, Punggol, Northeast, 542164, Singapore",
1.4009044,103.896421,3600777293,,"Punggol Way, Sengkang, Northeast, 820132, Singapore",
1.3956916,103.8962839,5917409357,,"Compassvale Street, Sengkang, Northeast, 541294, Singapore",
1.3955063,103.9167131,373096527,traffic_signals,"Punggol East, Punggol, Northeast, 820652, Singapore",
1.3953907,103.9168727,373096523,traffic_signals,"Punggol East, Punggol, Northeast, 820652, Singapore",
1.3982171,103.9129423,373096533,traffic_signals,"Punggol Central, Punggol, Northeast, 821053, Singapore",
1.3909121,103.8941561,375767150,traffic_signals,"Sengkang Square, Sengkang, Northeast, 544707, Singapore",
1.4162118,103.8939579,2383954067,traffic_signals,"Seletar North Link, Seletar, Singapore, Central, 821325, Singapore",
1.3920505,103.9053021,242958494,traffic_signals,"Rivervale Drive, Punggol, Northeast, 540151, Singapore",
1.3959525,103.8946429,242958501,traffic_signals,"Sengkang East Road, Sengkang, Northeast, 541262, Singapore",
1.4163018,103.8940975,2383954086,traffic_signals,"Seletar North Link, Seletar, Singapore, Central, 821325, Singapore",
1.4163803,103.8939969,2383954088,traffic_signals,"Seletar North Link, Seletar, Singapore, Central, 821325, Singapore",
1.4162881,103.8938642,2383954090,traffic_signals,"Seletar Link, Seletar, Singapore, Central, 821325, Singapore",
1.4009476,103.909135,373096623,traffic_signals,"Punggol Central, Punggol, Northeast, 828850, Singapore",
1.4028932,103.9063671,373096628,traffic_signals,"Blk 602B, Punggol Central, Punggol, Northeast, 820301, Singapore",
1.4029677,103.9062514,373096632,traffic_signals,"Punggol Central, Punggol, Northeast, 820301, Singapore",
1.4044437,103.9039067,373096643,traffic_signals,"Punggol Place, Punggol, Northeast, 828724, Singapore",
1.4061432,103.900832,373096660,traffic_signals,"Punggol Central, Punggol, Northeast, 820056, Singapore",
1.392406,103.9032118,3063316721,,"74, Saint Anne's Wood, Punggol, Northeast, 540196, Singapore",
1.3892623,103.9066912,5270601985,,"Rivervale Crescent, Punggol, Northeast, 542164, Singapore",
1.3903685,103.9086333,5270601999,,"Rivervale Crescent, Punggol, Northeast, 543162, Singapore",
1.3916982,103.9073467,5270602004,,"184A, Rivervale Crescent, Punggol, Northeast, 540150, Singapore",
1.3925139,103.9007976,3063316790,,"32, Jalan Merdu, Sengkang, Northeast, 548663, Singapore",
1.3925199,103.9003074,3063316802,,"36, Jalan Merdu, Sengkang, Northeast, 548663, Singapore",
1.391069,103.9014304,369164641,traffic_signals,"405, Punggol Road, Sengkang, Northeast, 546646, Singapore",
1.391069,103.9015477,369164647,traffic_signals,"Punggol Road, Sengkang, Northeast, 546639, Singapore",
1.4110639,103.9000583,4604821890,,"Punggol Way, Punggol, Northeast, 821312, Singapore",
1.4103577,103.8996931,4604821891,,"Punggol Way, Punggol, Northeast, 823310, Singapore",
1.4111178,103.8998682,4604821896,,"Punggol Way, Punggol, Northeast, 823327, Singapore",
1.4109642,103.8993976,4604821900,,"Sumang Link, Punggol, Northeast, 828674, Singapore",
1.4108386,103.8993986,4604821901,,"Sumang Link, Punggol, Northeast, 828674, Singapore",
1.4104325,103.8994801,4604821907,,"Punggol Way, Punggol, Northeast, 821312, Singapore",
1.3909628,103.9019322,369164759,,"Sengkang East Way, Sengkang, Northeast, 540127, Singapore",
1.4028509,103.9062096,368902639,traffic_signals,"Punggol Road, Punggol, Northeast, 820301, Singapore",
1.3876257,103.9129309,5992186379,motorway_junction,"Tampines Expressway, Punggol, Northeast, 520173, Singapore",7
1.4035157,103.9108485,373096980,traffic_signals,"Edgefield Plains, Punggol, Northeast, 822619, Singapore",
1.4010187,103.9090336,373096988,traffic_signals,"Edgefield Plains, Punggol, Northeast, 828710, Singapore",
1.4009033,103.908953,373096990,traffic_signals,"Punggol Central, Punggol, Northeast, 828710, Singapore",
1.39991,103.9049553,368902719,traffic_signals,"Punggol Field, Punggol, Northeast, 820198, Singapore",
1.382163,103.9145093,6094013073,motorway_junction,"Halus Link, Punggol, Northeast, 520175, Singapore",
1.4165403,103.8944884,5218714341,,"Seletar North Link, Seletar, Singapore, Central, 821325, Singapore",
1.4027189,103.8910207,4003660548,traffic_signals,"Sumang Crescent, Sengkang, Northeast, 822232, Singapore",
1.4160145,103.8942834,3089269529,,"Seletar North Link, Seletar, Singapore, Central, 821325, Singapore",
1.3911259,103.9002789,369165131,,"Sengkang East Way, Sengkang, Northeast, 546639, Singapore",
1.3852137,103.9200116,5992186786,,"Halus Link, Punggol, Northeast, 520175, Singapore",
1.3972985,103.8979367,5177263019,,"Compassvale Crescent, Sengkang, Northeast, 541289, Singapore",
1.3899805,103.9043976,369165233,traffic_signals,"142A MSCP, Sengkang East Way, Punggol, Northeast, 540143, Singapore",
1.3885868,103.9061196,369165261,traffic_signals,"Sengkang East Way, Punggol, Northeast, 540143, Singapore",
1.4064775,103.8977348,376194047,traffic_signals,"Punggol Way, Punggol, Northeast, 821266, Singapore",
1.4031587,103.8973564,4598842390,,"Punggol Field, Punggol, Northeast, 820122, Singapore",
1.4064641,103.8975106,376194074,traffic_signals,"Punggol Way, Punggol, Northeast, 821261, Singapore",
1.386609,103.893506,4598842409,,"279 MSCP (SK92) and Shops, 279, Sengkang East Avenue, Sengkang, Northeast, 540279, Singapore",
1.3863262,103.8936455,4598842414,,"Sengkang Central, Sengkang, Northeast, 540270, Singapore",
1.3862923,103.8937905,4598842415,,"270A, Sengkang Central, Sengkang, Northeast, 541270, Singapore",
1.3862327,103.8913175,4598842420,,"Sengkang East Road, Sengkang, Northeast, 540281, Singapore",
1.3864756,103.891771,4598842424,,"281A, Sengkang East Avenue, Sengkang, Northeast, 541281, Singapore",
1.3866059,103.8919465,4598842425,,"Sengkang East Avenue, Sengkang, Northeast, 542200, Singapore",
1.3869328,103.8915616,4598842429,,"Sengkang East Road, Sengkang, Northeast, 541281, Singapore",
1.386918,103.8913988,4598842430,,"Sengkang East Road, Sengkang, Northeast, 541303, Singapore",
1.3866843,103.8909328,4598842433,,"Sengkang East Avenue, Sengkang, Northeast, 541303, Singapore",
1.3865711,103.8908968,4598842434,,"Sengkang East Avenue, Sengkang, Northeast, 542303, Singapore",
1.3861779,103.8911566,4598842438,,"Sengkang East Road, Sengkang, Northeast, 541281, Singapore",
1.3866089,103.9135644,6578324592,,"Tampines Expressway, Punggol, Northeast, 520173, Singapore",
1.4087668,103.9020851,5256742059,,"Punggol Walk, Punggol, Northeast, 821310, Singapore",
1.4086997,103.9019302,5256742063,,"Waterway Terraces, 310A, Punggol Walk, Punggol, Northeast, 821310, Singapore",
1.3863446,103.907118,4430972250,,"Sengkang East Drive, Punggol, Northeast, 540170, Singapore",
1.3867283,103.907802,4430972254,,"160, Sengkang East Drive, Punggol, Northeast, 521170, Singapore",
1.386802,103.9072858,4430972257,,"122, Sengkang East Way, Punggol, Northeast, 540170, Singapore",
1.3951853,103.9060462,1166755173,,"Tampines Expressway, Punggol, Northeast, 820136, Singapore",
1.3884837,103.8942674,4430972262,,"Sengkang Central, Sengkang, Northeast, 542201, Singapore",
1.3869217,103.907319,4430972260,,"Sengkang East Way, Punggol, Northeast, 521170, Singapore",
1.3884376,103.8944233,4430972261,,"204C, Sengkang Central, Sengkang, Northeast, 544201, Singapore",
1.3888192,103.8941189,4430972268,,"Compassvale Drive, Sengkang, Northeast, 542201, Singapore",
1.389179,103.8923289,4430972269,,"201, Sengkang East Road, Sengkang, Northeast, 540201, Singapore",
1.3892103,103.8921595,4430972271,,"Sengkang East Road, Sengkang, Northeast, 541301, Singapore",
1.3885875,103.8948328,4430972266,,"Compassvale Drive, Sengkang, Northeast, 544700, Singapore",
1.392948,103.8935915,4430972278,,"Sengkang East Road, Sengkang, Northeast, 545025, Singapore",
1.3929748,103.8934691,4430972279,,"Sengkang East Road, Sengkang, Northeast, 541323, Singapore",
1.3931317,103.8941311,4430972284,,"Sengkang East Way, Sengkang, Northeast, 545025, Singapore",
1.3932787,103.8940567,4430972286,,"Sengkang East Way, Sengkang, Northeast, 542261, Singapore",
1.4005659,103.8925021,133662081,motorway_junction,"Tampines Expressway, Sengkang, Northeast, 820223, Singapore",10
1.3932211,103.9135578,4697965979,,"Punggol 21 Community Club, 80, Punggol Field, Punggol, Northeast, 828815, Singapore",
1.4187138,103.9042031,7085655548,,"Punggol, Northeast, 821421, Singapore",
1.4187859,103.9041797,7085655549,,"Punggol, Northeast, 821421, Singapore",
1.3893432,103.892716,4430972546,,"Compassvale Drive, Sengkang, Northeast, 541201, Singapore",
1.3894308,103.8927061,4430972547,,"Seven Stars Coffee, 215C, Compassvale Drive, Sengkang, Northeast, 541215, Singapore",
1.3895702,103.8919711,4430972553,,"301A, Anchorvale Drive, Sengkang, Northeast, 541301, Singapore",
1.3896686,103.8919994,4430972556,,"321A, Anchorvale Drive, Sengkang, Northeast, 541321, Singapore",
1.386449,103.9075624,370099850,traffic_signals,"Sengkang East Way, Punggol, Northeast, 540170, Singapore",
1.3898711,103.8923746,4430972566,,"Sengkang East Road, Sengkang, Northeast, 541321, Singapore",
1.3865576,103.9075032,370099862,traffic_signals,"Sengkang East Way, Punggol, Northeast, 540170, Singapore",
1.3898703,103.8925593,4430972568,,"Acumed Medical Group, Sengkang East Road, Sengkang, Northeast, 540215, Singapore",
1.4069518,103.8979135,4430972572,,"Punggol Way, Punggol, Northeast, 821266, Singapore",
1.3817623,103.8929442,3865151140,,"Sengkang Central, Sengkang, Northeast, 545061, Singapore",
1.3817626,103.8930454,3865151141,,"Sengkang Central, Sengkang, Northeast, 545061, Singapore",
1.3876523,103.896484,3865151142,,"Compassvale Road, Sengkang, Northeast, 544749, Singapore",
1.3934101,103.893302,4430972589,,"323A, Sengkang East Way, Sengkang, Northeast, 541323, Singapore",
1.3935447,103.8932612,4430972591,,"Sengkang East Way, Sengkang, Northeast, 541323, Singapore",
1.3937341,103.8937255,4430972596,,"Sengkang East Road, Sengkang, Northeast, 541261, Singapore",
1.3937252,103.8938566,4430972597,,"Sengkang East Road, Sengkang, Northeast, 542261, Singapore",
1.406355,103.8980464,4430972624,,"Punggol Central, Punggol, Northeast, 821266, Singapore",
1.4064982,103.8982675,4430972625,,"Punggol Central, Punggol, Northeast, 821264, Singapore",
1.391162,103.9134892,5277959903,,"Punggol Field Walk, Punggol, Northeast, 828753, Singapore",
1.3965268,103.8932483,4598826774,,"Anchorvale Street, Sengkang, Northeast, 544627, Singapore",
1.3883211,103.8968028,3865151260,,"Compassvale Road, Sengkang, Northeast, 541223, Singapore",
1.4034314,103.9112883,3865151261,,"Punggol Drive, Punggol, Northeast, 822619, Singapore",
1.4038829,103.9112305,3865151270,,"Edgefield Plains, Punggol, Northeast, 821667, Singapore",
1.4038478,103.9107273,3865151267,,"Punggol, Northeast, 821667, Singapore",
1.4038826,103.9111292,3865151269,,"Punggol, Northeast, 821667, Singapore",
1.4208162,103.9084366,2398078763,,"Track 19, Punggol, Northeast, 822425, Singapore",
1.4184465,103.9082862,2398078765,,"Ponggol Twenty-Fourth Avenue, Punggol, Northeast, 822425, Singapore",
1.416129,103.905987,2398078766,,"Punggol Seventeenth Avenue, Punggol, Northeast, 821410, Singapore",
1.4149863,103.9037679,2398078767,,"Punggol Seventeenth Avenue, Punggol, Northeast, 829645, Singapore",
1.4154012,103.9032974,2398078768,turning_loop,"Punggol Seventeenth Avenue, Punggol, Northeast, 829645, Singapore",
1.4142774,103.9031088,2398078769,,"Punggol Seventeenth Avenue, Punggol, Northeast, 829645, Singapore",
1.3941188,103.890893,4598826805,,"Sengkang East Way, Sengkang, Northeast, 541325, Singapore",
1.3942563,103.8908126,4598826806,,"Sengkang East Way, Sengkang, Northeast, 544333, Singapore",
1.3966666,103.8927599,4598826817,,"Anchorvale Street, Sengkang, Northeast, 544628, Singapore",
1.3968734,103.8930822,4598826820,,"Anchorvale Crescent, Sengkang, Northeast, 544628, Singapore",
1.3953768,103.9109561,368920397,traffic_signals,"Edgedale Plains, Punggol, Northeast, 828848, Singapore",
1.3923954,103.9145328,368920400,traffic_signals,"Punggol East, Punggol, Northeast, 828811, Singapore",
1.3950106,103.899141,4598826851,traffic_signals,"297 MSCP, Compassvale Street, Sengkang, Northeast, 540256, Singapore",
1.3977114,103.8878708,4598826863,,"336D, Anchorvale Crescent, Sengkang, Northeast, 544336, Singapore",
1.3968533,103.8913024,4598826881,,"Anchorvale Street, Sengkang, Northeast, 540331, Singapore",
1.3966549,103.890854,4598826885,,"Anchorvale Link, Sengkang, Northeast, 540331, Singapore",
1.4181948,103.9098132,5842946044,traffic_signals,"Northshore Drive, Punggol, Northeast, 822431, Singapore",
1.4180892,103.9098038,5842946045,traffic_signals,"Northshore Drive, Punggol, Northeast, 822431, Singapore",
1.3861107,103.9019193,4715317285,,"Rivervale Lane, Sengkang, Northeast, 543123, Singapore",
1.4195508,103.9096659,368937029,,"Ponggol Twenty-Fourth Avenue, Punggol, Northeast, 823431, Singapore",
1.4187444,103.9083146,368937035,,"Ponggol Twenty-Fourth Avenue, Punggol, Northeast, 822425, Singapore",
1.4197347,103.9089657,368937039,,"35, Ponggol Twenty-Fourth Avenue, Punggol, Northeast, 822425, Singapore",
1.4063536,103.8974777,369166424,traffic_signals,"Punggol Way, Punggol, Northeast, 821261, Singapore",
1.3995537,103.9049717,4427352168,,"Blk 102C, Punggol Road, Punggol, Northeast, 820198, Singapore",
1.399602,103.9048079,4427352169,,"Punggol Road, Punggol, Northeast, 820198, Singapore",
1.3998295,103.9054033,4427352175,,"Punggol Field, Punggol, Northeast, 820198, Singapore",
1.4032213,103.9059194,1167575152,,"Punggol Central, Punggol, Northeast, 820301, Singapore",
1.4000692,103.9046394,4427352178,,"Punggol Field, Punggol, Northeast, 820198, Singapore",
1.4002649,103.9052784,4427352180,,"Punggol Road, Punggol, Northeast, 820198, Singapore",
1.4002637,103.9046828,4427352182,,"Punggol Field, Punggol, Northeast, 820198, Singapore",
1.400437,103.9051848,4427352184,,"Punggol Road, Punggol, Northeast, 820198, Singapore",
1.4041337,103.9036107,4427352186,,"Punggol Place, Punggol, Northeast, 828724, Singapore",
1.4040922,103.9036825,4427352185,,"Punggol Place, Punggol, Northeast, 828724, Singapore",
1.4041728,103.9041064,4427352188,,"84 Parc Centros, 84, Punggol Central, Punggol, Northeast, 828724, Singapore",
1.4033855,103.9064076,1167575172,,"Punggol, Northeast, 820301, Singapore",
1.4033917,103.8967028,369166473,traffic_signals,"Punggol Field, Punggol, Northeast, 822258, Singapore",
1.3920644,103.9143094,2274871522,,"Punggol East, Punggol, Northeast, 828740, Singapore",
1.4004692,103.896094,369166625,traffic_signals,"Punggol Way, Sengkang, Northeast, 820221, Singapore",
1.3864845,103.8912592,369150260,traffic_signals,"Sengkang East Road, Sengkang, Northeast, 541281, Singapore",
1.3864588,103.891404,369150261,traffic_signals,"281A, Sengkang East Avenue, Sengkang, Northeast, 541281, Singapore",
1.3924431,103.9142648,2274871610,,"Punggol Field, Punggol, Northeast, 828740, Singapore",
1.3865538,103.8938713,369150271,traffic_signals,"Sengkang Central, Sengkang, Northeast, 540270, Singapore",
1.4043433,103.904112,4427352391,,"Punggol Central, Punggol, Northeast, 828724, Singapore",
1.4045121,103.9035255,4427352394,,"Punggol Station, Punggol Central, Punggol, Northeast, 828868, Singapore",
1.4046355,103.9035531,4427352397,,"Punggol Central, Punggol, Northeast, 828724, Singapore",
1.4046882,103.9040443,4427352399,,"Punggol Place, Punggol, Northeast, 828845, Singapore",
1.4047209,103.9039627,4427352400,,"Punggol Place, Punggol, Northeast, 828845, Singapore",
1.4212297,103.9106387,368904530,turning_circle,"Punggol Road, Punggol, Northeast, 822431, Singapore",
1.3926882,103.9141667,2274871671,,"Blk 169A, Punggol Field, Punggol, Northeast, 828815, Singapore",
1.3926905,103.9147461,2274871672,,"Blk 170C, Punggol East, Punggol, Northeast, 828811, Singapore",
1.3931626,103.9007183,3063318967,,"44A, Jalan Merdu, Sengkang, Northeast, 548672, Singapore",
1.418523,103.9067974,4423617162,traffic_signals,"Northshore Crescent, Punggol, Northeast, 822425, Singapore",
1.3918552,103.8980515,4478225238,traffic_signals,"Compassvale Road, Sengkang, Northeast, 540248, Singapore",
1.3917723,103.8980237,4478225239,traffic_signals,"Sengkang East Way, Sengkang, Northeast, 540239, Singapore",
1.3918496,103.9151064,3593817002,,"Punggol Field, Punggol, Northeast, 828811, Singapore",
1.4033694,103.8968902,368921576,traffic_signals,"Punggol Sapphire, 268B, Punggol Way, Punggol, Northeast, 822268, Singapore",
1.4026412,103.8994279,368921578,traffic_signals,"Punggol Walk, Punggol, Northeast, 821269, Singapore",
1.3951851,103.9109343,411683825,traffic_signals,"Punggol Field, Punggol, Northeast, 820168, Singapore",
1.3953097,103.9110416,411683826,traffic_signals,"Punggol Field, Punggol, Northeast, 828848, Singapore",
1.398188,103.9072047,368921589,traffic_signals,"Blk 107A, Edgefield Plains, Punggol Meridian, Punggol, Northeast, 820198, Singapore",
1.4157617,103.9004772,5218798666,,"Northshore Walk, Punggol, Northeast, 820405, Singapore",
1.4160589,103.9004561,5218798670,,"Northshore Residences, 406A, Northshore Drive, Punggol, Northeast, 821406, Singapore",
1.4156473,103.9005078,5218798671,,"Northshore Walk, Punggol, Northeast, 822402, Singapore",
1.4163786,103.9007089,5218798699,,"Northshore Residences, 406A, Northshore Drive, Punggol, Northeast, 821406, Singapore",
1.41561,103.9001523,5218798703,,"CP.Free, Northshore Drive, Punggol, Northeast, 822402, Singapore",
1.4158568,103.9002139,5218798704,,"Northshore Walk, Punggol, Northeast, 821413, Singapore",
1.4158199,103.9002719,5218798705,,"CP.Free, Northshore Drive, Punggol, Northeast, 822402, Singapore",
1.416032,103.900057,5218798706,,"Northshore Walk, Punggol, Northeast, 821413, Singapore",
1.4159271,103.9002637,5218798708,,"Northshore Walk, Punggol, Northeast, 821413, Singapore",
1.4147078,103.9013536,5218798713,,"Northshore Walk, Punggol, Northeast, 821402, Singapore",
1.4013861,103.9020482,411684132,traffic_signals,"Punggol Place, Punggol, Northeast, 828812, Singapore",
1.4015093,103.902118,411684133,traffic_signals,"Punggol Field, Punggol, Northeast, 822273, Singapore",
1.4014232,103.9019601,411684210,traffic_signals,"Punggol Place, Punggol, Northeast, 828812, Singapore",
1.4015578,103.9020308,411684211,traffic_signals,"Punggol Place, Punggol, Northeast, 828812, Singapore",
1.4068843,103.9052635,4463906452,,"Fo Guang Shan (Singapore), Punggol Drive, Punggol, Northeast, 828845, Singapore",
1.3978571,103.9189873,4587589271,,"653, Punggol Drive, Punggol, Northeast, 820653, Singapore",
1.3983128,103.9189459,4587589274,,"Punggol East, Punggol, Northeast, 821653, Singapore",
1.3976918,103.9185163,4587589275,,"Punggol East, Punggol, Northeast, 820094, Singapore",
1.3977145,103.9190383,4587589278,,"Punggol Drive, Punggol, Northeast, 821653, Singapore",
1.3983063,103.9187584,4587589279,,"Punggol East, Punggol, Northeast, 820094, Singapore",
1.3982663,103.9184148,4587589282,,"Punggol Drive, Punggol, Northeast, 820094, Singapore",
1.3981387,103.9183691,4587589283,,"Punggol Drive, Punggol, Northeast, 820094, Singapore",
1.3977989,103.918396,4587589286,,"Punggol East, Punggol, Northeast, 820096, Singapore",
1.3878569,103.8969648,4715318989,,"Compassvale Drive, Sengkang, Northeast, 541223, Singapore",
1.3877234,103.8966104,4715318992,,"Compassvale Road, Sengkang, Northeast, 542206, Singapore",
1.4062542,103.9006034,1167544109,,"Punggol Central, Punggol, Northeast, 820056, Singapore",
1.398601,103.8993273,369168177,,"295A, Compassvale Crescent, Sengkang, Northeast, 541295, Singapore",
1.4064235,103.9009379,1167544116,,"Punggol Walk, Punggol, Northeast, 820073, Singapore",
1.4091749,103.9021503,1167544136,traffic_signals,"Sumang Link, Punggol, Northeast, 821313, Singapore",
1.3950568,103.9166348,5218422733,,"Punggol East, Punggol, Northeast, 828824, Singapore",
1.3956857,103.917078,5218422734,,"Golfers @ Punggol Driving Range, 60, Punggol East, Punggol, Northeast, 828825, Singapore",
1.3951636,103.916461,2274873406,,"Punggol East, Punggol, Northeast, 828824, Singapore",
1.3949263,103.9112259,2274873468,,"Punggol, Northeast, 820168, Singapore",
1.3949801,103.9107893,2274873521,,"Blk 126, Edgedale Plains, Punggol, Northeast, 828867, Singapore",
1.3950152,103.9106897,2274873529,,"Blk 110D, Edgedale Plains, Punggol, Northeast, 828867, Singapore",
1.3940017,103.9018913,3063320788,,"190B, Rivervale Drive, Punggol, Northeast, 540193, Singapore",
1.4155929,103.9038259,5684007129,,"Punggol, Northeast, 829645, Singapore",
1.3951371,103.9112474,2274873612,,"Blk 172A, Punggol Field, Punggol, Northeast, 820168, Singapore",
1.4061252,103.9005046,1748996424,,"Punggol Central, Punggol, Northeast, 821264, Singapore",
1.4092753,103.9021933,1748996435,traffic_signals,"Sentul Crescent, Punggol, Northeast, 821313, Singapore",
1.4025052,103.8993799,411685204,traffic_signals,"Punggol Walk, Punggol, Northeast, 821269, Singapore",
1.4106317,103.8998302,1748996457,traffic_signals,"Punggol Way, Punggol, Northeast, 821312, Singapore",
1.4107161,103.8998795,1748996467,traffic_signals,"Sumang Link, Punggol, Northeast, 821312, Singapore",
1.4128414,103.9007798,1748996477,traffic_signals,"Punggol Way, Punggol, Northeast, 824326, Singapore",
1.4136597,103.9114863,6958977488,,"New Punggol Road, Punggol, Northeast, 821446, Singapore",
1.4130637,103.9116767,6958977493,,"Punggol Coast Road, Punggol, Northeast, 821446, Singapore",
1.4127883,103.9113032,6958977497,,"New Punggol Road, Punggol, Northeast, 824672, Singapore",
1.4131255,103.9113957,6958977543,,"Punggol Coast Road, Punggol, Northeast, 821446, Singapore",
1.413169,103.9112074,6958977545,,"New Punggol Road, Punggol, Northeast, 821433, Singapore",
1.3990059,103.8957396,2083328528,,"Sengkang East Road, Sengkang, Northeast, 541287, Singapore",
1.3988661,103.895511,2083328532,,"Sengkang East Road, Sengkang, Northeast, 542287, Singapore",
1.3954313,103.910618,2274873883,,"Punggol, Northeast, 828867, Singapore",
1.4005277,103.8956561,2083328564,,"Matilda Edge, 221, Sumang Lane, Sengkang, Northeast, 820221, Singapore",
1.4167655,103.9117668,7311741524,,"New Punggol Road, Punggol, Northeast, 820447, Singapore",
1.4167797,103.9116561,7311741528,,"New Punggol Road, Punggol, Northeast, 821431, Singapore",
1.395549,103.9112139,2274873950,,"Punggol, Northeast, 828848, Singapore",
1.3955405,103.9164202,2274873982,,"Punggol Central, Punggol, Northeast, 820652, Singapore",
1.3956408,103.9111428,2274874004,,"Blk 173D, Edgedale Plains, Punggol, Northeast, 828848, Singapore",
1.3960092,103.8949515,3063321303,,"Compassvale Street, Sengkang, Northeast, 540294, Singapore",
1.3960759,103.8942597,3063321312,,"Cheng Lim, Anchorvale Street, Sengkang, Northeast, 544627, Singapore",
1.3980693,103.9007885,369169123,,"299B, Tampines Expressway, Punggol, Northeast, 544288, Singapore",
1.3867482,103.8936189,4724544243,,"Sengkang East Avenue, Sengkang, Northeast, 544200, Singapore",
1.3868604,103.8938041,4724544247,,"Sengkang Central, Sengkang, Northeast, 544201, Singapore",
1.3957551,103.9168995,2274874105,,"Punggol East, Punggol, Northeast, 820652, Singapore",
1.3980396,103.9187428,4587590412,traffic_signals,"Punggol East, Punggol, Northeast, 821653, Singapore",
1.3981201,103.9186179,4587590413,traffic_signals,"Punggol East, Punggol, Northeast, 820094, Singapore",
1.3900757,103.8962948,375771951,traffic_signals,"Sengkang Square, Sengkang, Northeast, 544757, Singapore",
1.3955554,103.9107444,2274874178,,"Punggol Field, Punggol, Northeast, 828848, Singapore",
1.3901605,103.8963243,375771974,traffic_signals,"Sengkang Square, Sengkang, Northeast, 544755, Singapore",
1.388068,103.896623,370709327,traffic_signals,"Compassvale Road, Sengkang, Northeast, 544749, Singapore",
1.3887998,103.8945354,370709328,traffic_signals,"Sengkang Central, Sengkang, Northeast, 544700, Singapore",
1.3920372,103.8972887,375772010,,"Sengkang Square, Sengkang, Northeast, 541257, Singapore",
1.3842083,103.8904596,5214819190,,"Sengkang East Road, Sengkang, Northeast, 544997, Singapore",
1.3956754,103.9164876,2274874276,,"Punggol Central, Punggol, Northeast, 820652, Singapore",
1.3867327,103.8937598,370709474,traffic_signals,"Sengkang East Avenue, Sengkang, Northeast, 544200, Singapore",
1.3865795,103.8937168,370709478,traffic_signals,"Sengkang East Avenue, Sengkang, Northeast, 540270, Singapore",
1.3855179,103.8960862,4459074649,,"Sengkang East Avenue, Sengkang, Northeast, 542205, Singapore",
1.3855808,103.903176,4459074650,traffic_signals,"Rivervale Lane, Sengkang, Northeast, 541123, Singapore",
1.3856427,103.9030572,4459074652,traffic_signals,"Rivervale Drive, Sengkang, Northeast, 541123, Singapore",
1.3858443,103.8955626,4459074656,,"Sengkang East Avenue, Sengkang, Northeast, 541271, Singapore",
1.4132223,103.9117164,6958945384,,"Punggol Coast Road, Punggol, Northeast, 821446, Singapore",
1.3859373,103.8959824,4459074668,,"Compassvale Road, Sengkang, Northeast, 543205, Singapore",
1.3859233,103.9014757,4459074669,,"Punggol Road, Sengkang, Northeast, 540214, Singapore",
1.3859522,103.9015893,4459074671,,"Cheers, Punggol Road, Sengkang, Northeast, 540214, Singapore",
1.3861491,103.8959677,4459074680,,"203 MSCP, Compassvale Road, Sengkang, Northeast, 541206, Singapore",
1.3888462,103.8943852,370709625,traffic_signals,"217B, Compassvale Drive, Sengkang, Northeast, 542217, Singapore",
1.3861813,103.9019244,4459074681,,"Rivervale Lane, Sengkang, Northeast, 543123, Singapore",
1.3887442,103.8943542,370709629,traffic_signals,"Compassvale Drive, Sengkang, Northeast, 542201, Singapore",
1.386269,103.9017079,4459074684,traffic_signals,"Compassvale Drive, Sengkang, Northeast, 543123, Singapore",
1.3863267,103.901358,4459074685,,"212C, Compassvale Drive, Sengkang, Northeast, 543227, Singapore",
1.3864124,103.9013315,4459074688,,"Compassvale Drive, Sengkang, Northeast, 543123, Singapore",
1.3885435,103.9235932,6071833797,,"Pasir Ris Industrial Drive 1, Punggol, Northeast, 828869, Singapore",
1.3885814,103.9238179,6071833798,,"Pasir Ris Industrial Drive 1, Punggol, Northeast, 828869, Singapore",
1.3864711,103.9017707,4459074791,,"Punggol Road, Sengkang, Northeast, 543123, Singapore",
1.3866807,103.9016788,4459074793,,"Punggol Road, Sengkang, Northeast, 540231, Singapore",
1.3883317,103.9061955,4459074797,,"Sengkang East Way, Punggol, Northeast, 542164, Singapore",
1.3883954,103.9062771,4459074800,,"158B, Sengkang East Way, Punggol, Northeast, 542164, Singapore",
1.3883316,103.9058209,4459074796,,"Bakau, Rivervale Drive, Punggol, Northeast, 540123, Singapore",
1.3884183,103.9057594,4459074803,,"Rivervale Drive, Punggol, Northeast, 540143, Singapore",
1.3939802,103.9017276,3063321851,,"193, Rivervale Drive, Punggol, Northeast, 540193, Singapore",
1.3887455,103.9057656,4459074812,,"Sengkang East Way, Punggol, Northeast, 540143, Singapore",
1.3888444,103.9058389,4459074815,,"Sengkang East Way, Punggol, Northeast, 540143, Singapore",
1.3888505,103.9061784,4459074817,,"Rivervale Drive, Punggol, Northeast, 540143, Singapore",
1.3942221,103.9013754,4459074818,traffic_signals,"Punggol Road, Punggol, Northeast, 543297, Singapore",
1.3887531,103.9062846,4459074813,,"Rivervale Drive, Punggol, Northeast, 542164, Singapore",
1.3928003,103.8950718,250074521,,"Mos Burger, 1, Sengkang Square, Sengkang, Northeast, 545078, Singapore",
1.3964871,103.8929513,369939966,,"Anchorvale Street, Sengkang, Northeast, 544628, Singapore",
1.396601,103.8929869,369939974,,"Anchorvale Crescent, Sengkang, Northeast, 544628, Singapore",
1.4170238,103.9061279,5965665957,,"Punggol Way, Punggol, Northeast, 821410, Singapore",
1.417062,103.9060465,5965665958,,"Punggol Way, Punggol, Northeast, 820410, Singapore",
1.4129217,103.9008184,4604778167,traffic_signals,"Punggol Way, Punggol, Northeast, 824326, Singapore",
1.3899105,103.8970039,4478228198,,"Sengkang Square, Sengkang, Northeast, 544757, Singapore",
1.390029,103.8973084,4478228201,,"Compassvale Road, Sengkang, Northeast, 540241, Singapore",
1.3894132,103.8970974,4478228202,,"27, Compassvale Road, Sengkang, Northeast, 544757, Singapore",
1.3898448,103.8969609,4478228205,,"Sengkang Square, Sengkang, Northeast, 544757, Singapore",
1.4160226,103.8937162,5995730666,,"Seletar Link, Seletar, Singapore, Central, 821325, Singapore",
1.3942271,103.9010627,3063322492,,"Compassvale Street, Sengkang, Northeast, 543297, Singapore",
1.3918671,103.9051371,5178349591,,"Rivervale Crescent, Punggol, Northeast, 540151, Singapore",
1.3918201,103.9055408,5178349595,,"149, Rivervale Drive, Punggol, Northeast, 540151, Singapore",
1.3978588,103.9126808,2274875430,,"Edgedale Plains, Punggol, Northeast, 828730, Singapore",
1.3944413,103.9015132,3063322690,,"Punggol Road, Punggol, Northeast, 543297, Singapore",
1.385295,103.8975252,3133462609,,"207A, Compassvale Lane, Sengkang, Northeast, 541207, Singapore",
1.3978418,103.9131969,2274875480,,"Punggol Central, Punggol, Northeast, 828730, Singapore",
1.4075384,103.8852557,5950822537,,"Seletar Link, Seletar, Singapore, Central, 822228, Singapore",
1.4076544,103.8851946,5950822538,speed_camera,"Seletar Link, Seletar, Singapore, Central, 822228, Singapore",
1.4180016,103.9039148,7085693073,,"Northshore Link, Punggol, Northeast, 820408, Singapore",
1.4179638,103.9038385,7085693074,,"Northshore Link, Punggol, Northeast, 820408, Singapore",
1.3977777,103.9127614,2274875553,,"Edgedale Plains, Punggol, Northeast, 828730, Singapore",
1.394624,103.9163107,6113106114,,"Riviera, Punggol East, Punggol, Northeast, 828824, Singapore",
1.3946994,103.9161319,6113106118,,"Riviera, Punggol East, Punggol, Northeast, 828824, Singapore",
1.3886949,103.8945048,242948296,traffic_signals,"Sengkang Central, Sengkang, Northeast, 544700, Singapore",
1.3867032,103.8939151,242948294,traffic_signals,"Sengkang Central, Sengkang, Northeast, 540270, Singapore",
1.3858153,103.8958003,242948303,traffic_signals,"203 MSCP, Compassvale Road, Sengkang, Northeast, 541206, Singapore",
1.386198,103.9016864,242948308,traffic_signals,"Compassvale Drive, Sengkang, Northeast, 543123, Singapore",
1.3895674,103.8922832,369137905,traffic_signals,"Compassvale Drive, Sengkang, Northeast, 541321, Singapore",
1.416588,103.8943568,3089291533,,"Seletar North Link, Seletar, Singapore, Central, 821325, Singapore",
1.39681,103.9029184,1781717290,,"299 MSCP, Tampines Expressway, Punggol, Northeast, 820136, Singapore",
1.3975681,103.9032391,1781717309,,"Blk 204C, Tampines Expressway, Punggol, Northeast, 820136, Singapore",
1.3979103,103.9040473,1781717310,,"Blk 203A, Punggol Road, Punggol, Northeast, 820108, Singapore",
1.3977284,103.9041011,1781717311,,"Blk 103C, Punggol Road, Punggol, Northeast, 820136, Singapore",
1.400972,103.8962737,1781717313,,"Punggol Way, Sengkang, Northeast, 824217, Singapore",
1.3879904,103.896597,242948450,traffic_signals,"Compassvale Road, Sengkang, Northeast, 544749, Singapore",
1.389433,103.892403,242948451,traffic_signals,"Sengkang East Road, Sengkang, Northeast, 541201, Singapore",
1.3894794,103.8922529,242948452,traffic_signals,"Sengkang East Road, Sengkang, Northeast, 541301, Singapore",
1.386615,103.8913015,242948493,traffic_signals,"Sengkang East Avenue, Sengkang, Northeast, 541303, Singapore",
1.3898798,103.9043145,242948495,,"Sengkang East Way, Punggol, Northeast, 545084, Singapore",
1.397973,103.9132785,2274875804,,"Punggol Central, Punggol, Northeast, 820651, Singapore",
1.390338,103.8898163,4715305456,,"Anchorvale Drive, Sengkang, Northeast, 541319, Singapore",
1.4152475,103.9015437,1779685883,,"Samudera, 61, Punggol Way, Punggol, Northeast, 822405, Singapore",
1.3879599,103.8966859,375773700,traffic_signals,"Compassvale Road, Sengkang, Northeast, 544749, Singapore",
1.4059007,103.8973378,4699838981,,"Punggol Way, Punggol, Northeast, 821261, Singapore",
1.4063616,103.8970842,4699838984,,"Punggol Central, Punggol, Northeast, 822261, Singapore",
1.3968816,103.9061907,411687474,,"Blk 105A, Edgefield Plains, Punggol Meridian, Punggol, Northeast, 820136, Singapore",
1.3970062,103.9062956,368925340,,"Blk 105B, Edgefield Plains, Punggol, Northeast, 820198, Singapore",
1.3885879,103.9019309,4727921366,,"Punggol Road, Sengkang, Northeast, 540124, Singapore",
1.3982546,103.912612,2274876138,,"Punggol Central, Punggol, Northeast, 821053, Singapore",
1.3857641,103.8958556,391191302,traffic_signals,"Compassvale Road, Sengkang, Northeast, 543205, Singapore",
1.3880337,103.8967076,375773973,traffic_signals,"Compassvale Road, Sengkang, Northeast, 544749, Singapore",
1.4029135,103.8910585,5178399567,,"Sengkang, Northeast, 822232, Singapore",
1.4021531,103.8948055,5178399571,,"Matilda Portico, Sengkang, Northeast, 822217, Singapore",
1.4023582,103.8946803,5178399574,,"Matilda Portico, Sengkang, Northeast, 822217, Singapore",
1.4023732,103.8945931,5178399575,,"Sengkang, Northeast, 823226, Singapore",
1.402216,103.8944025,5178399578,,"Sengkang, Northeast, 823226, Singapore",
1.39939,103.8921897,5015083876,,"Anchorvale Crescent, Sengkang, Northeast, 544629, Singapore",
1.3990285,103.8921457,5015083887,,"23, Anchorvale Crescent, Sengkang, Northeast, 544655, Singapore",
1.4026915,103.8911448,5015083903,traffic_signals,"Matilda Sundeck, 229B, Sumang Lane, Sengkang, Northeast, 822229, Singapore",
1.3860388,103.895523,391191428,,"Sengkang East Avenue, Sengkang, Northeast, 543205, Singapore",
1.3865795,103.8914423,242998157,traffic_signals,"Sengkang East Road, Sengkang, Northeast, 541281, Singapore",
1.3883102,103.9239208,6091365443,,"Lorong Halus, Punggol, Northeast, 828869, Singapore",
1.388012,103.9239064,6091365444,,"Lorong Halus, Punggol, Northeast, 828869, Singapore",
1.3883685,103.9236795,6091365447,,"Pasir Ris Industrial Drive 1, Punggol, Northeast, 828869, Singapore",
1.3880549,103.9232773,6091365448,,"Lorong Halus, Punggol, Northeast, 828869, Singapore",
1.389137,103.9233415,6091365453,,"Lorong Halus, Punggol, Northeast, 828869, Singapore",
1.3892606,103.9235116,6091365454,,"Lorong Halus, Punggol, Northeast, 828869, Singapore",
1.3891655,103.9240779,6091365459,,"Lorong Halus, Punggol, Northeast, 828869, Singapore",
1.3890287,103.9241488,6091365460,,"Lorong Halus, Punggol, Northeast, 828869, Singapore",
1.3881448,103.9238219,6091365465,,"Pasir Ris Industrial Drive 1, Punggol, Northeast, 828869, Singapore",
1.3879592,103.923405,6091365468,,"Halus Link, Punggol, Northeast, 828869, Singapore",
1.3925142,103.9057898,5921905760,,"Rivervale Crescent, Punggol, Northeast, 540151, Singapore",
1.3984936,103.9131396,2274876548,,"The Amore, 53A, Edgedale Plains, Punggol, Northeast, 821053, Singapore",
1.3869718,103.8998933,375774359,,"226A, Compassvale Walk, Sengkang, Northeast, 541226, Singapore",
1.3985878,103.912406,2274876679,,"Punggol Central, Punggol, Northeast, 820055, Singapore",
1.3960945,103.9030989,5915434249,,"Punggol Road, Punggol, Northeast, 820136, Singapore",
1.3983983,103.9132116,2274876688,,"Edgedale Plains, Punggol, Northeast, 821053, Singapore",
1.3875386,103.9045108,4724595988,,"North Spring Primary School, 1, Rivervale Street, Sengkang, Northeast, 545088, Singapore",
1.3946193,103.8989189,3063323990,,"Compassvale Road, Sengkang, Northeast, 540256, Singapore",
1.3946405,103.8990234,3063324013,,"Compassvale Road, Sengkang, Northeast, 540256, Singapore",
1.386301,103.9016198,375774643,traffic_signals,"Punggol Road, Sengkang, Northeast, 543123, Singapore",
1.3836095,103.9228434,369941952,,"Lorong Halus, Punggol, Northeast, 828869, Singapore",
1.3943457,103.901093,3063324108,,"That Coffee Place, 297C, Compassvale Street, Sengkang, Northeast, 543297, Singapore",
1.399419,103.8958661,242998739,traffic_signals,"Sengkang East Road, Sengkang, Northeast, 542287, Singapore",
1.4060407,103.897594,4004994591,,"Punggol Emerald, 266A, Punggol Way, Punggol, Northeast, 821266, Singapore",
1.3890036,103.9005185,7232298556,,"Compassvale Walk, Sengkang, Northeast, 540229, Singapore",
1.3958625,103.8949202,4701920929,,"261, Compassvale Street, Sengkang, Northeast, 540261, Singapore",
1.3956435,103.8945262,4701920933,,"Sengkang East Road, Sengkang, Northeast, 541262, Singapore",
1.4152874,103.9056836,5256748785,,"Punggol Seventeenth Avenue, Punggol, Northeast, 829645, Singapore",
1.3945087,103.9017211,3063324469,,"Punggol Road, Punggol, Northeast, 543297, Singapore",
1.3933122,103.893583,242966341,traffic_signals,"323B, Sengkang East Way, Sengkang, Northeast, 542323, Singapore",
1.4194197,103.9101166,5556054120,,"Ponggol Twenty-Fourth Avenue, Punggol, Northeast, 823431, Singapore",
1.3949275,103.8994258,3063324544,,"297 MSCP, Compassvale Street, Sengkang, Northeast, 540256, Singapore",
1.394976,103.8987337,3063324588,,"Compassvale Street, Sengkang, Northeast, 545091, Singapore",
1.3959956,103.89451,242966457,traffic_signals,"Sengkang East Road, Sengkang, Northeast, 544625, Singapore",
1.4167984,103.9045144,5556264977,,"Punggol Seventeenth Avenue, Punggol, Northeast, 823408, Singapore",
1.4162844,103.9048176,5556264978,,"Punggol Seventeenth Avenue, Punggol, Northeast, 820410, Singapore",
1.3969096,103.8909003,242966584,traffic_signals,"Anchorvale Link, Sengkang, Northeast, 540331, Singapore",
1.3820737,103.9304475,6585360450,,"Pasir Ris Industrial Drive 1, Pasir Ris, Northeast, 828869, Singapore",
1.3821833,103.9304241,6585360453,,"Pasir Ris Industrial Drive 1, Pasir Ris, Northeast, 519527, Singapore",
1.3822845,103.9304709,6585360459,,"Pasir Ris Farmway 2, Pasir Ris, Northeast, 519527, Singapore",
1.3947905,103.899409,3063324776,,"Compassvale Street, Sengkang, Northeast, 541297, Singapore",
1.3868209,103.8998596,375775415,traffic_signals,"212A, Compassvale Lane, Sengkang, Northeast, 544211, Singapore",
1.4171607,103.9061918,4946665702,,"Punggol Way, Punggol, Northeast, 821410, Singapore",
1.3908254,103.894409,3063308595,,"Sengkang, Northeast, 543216, Singapore",
1.3951133,103.8987004,3063325002,,"Compassvale Street, Sengkang, Northeast, 545091, Singapore",
1.3964795,103.903436,369172848,traffic_signals,"Punggol Road, Punggol, Northeast, 820136, Singapore",
1.3912536,103.8928828,242999681,traffic_signals,"Sengkang East Road, Sengkang, Northeast, 545015, Singapore",
1.3895217,103.892433,369140109,traffic_signals,"Compassvale Drive, Sengkang, Northeast, 541321, Singapore",
1.3959894,103.9031597,369172927,,"189C, Punggol Road, Punggol, Northeast, 820136, Singapore",
1.3849525,103.9152668,3168625114,motorway_junction,"Tampines Expressway, Punggol, Northeast, 520175, Singapore",7A
1.3906092,103.9016569,3063308874,,"Punggol Road, Sengkang, Northeast, 541126, Singapore",
1.3929952,103.8945345,242967203,,"Sengkang Community Hub, 2, Sengkang Square, Sengkang, Northeast, 545025, Singapore",
1.3985677,103.9070557,4697957131,,"Punggol Field, Punggol Cove, Punggol, Northeast, 820198, Singapore",
1.3985792,103.9074042,4697957134,,"Edgefield Plains, Punggol, Northeast, 820100, Singapore",
1.388746,103.9022749,377643795,,"125, Rivervale Street, Sengkang, Northeast, 542124, Singapore",
1.395728,103.8961358,369468188,,"Compassvale Street, Sengkang, Northeast, 541294, Singapore",
1.3960908,103.8946884,369468189,traffic_signals,"Sengkang East Road, Sengkang, Northeast, 540294, Singapore",
1.39503,103.8990599,369468200,traffic_signals,"Compassvale Road, Sengkang, Northeast, 540256, Singapore",
1.3888809,103.9019293,377643837,,"126A, Rivervale Street, Sengkang, Northeast, 541126, Singapore",
1.3843236,103.900193,242950976,,"Punggol Road, Sengkang, Northeast, 542210, Singapore",
1.4162994,103.9095971,5277868866,,"Punggol Road, Punggol, Northeast, 822433, Singapore",
1.3909671,103.9015774,242950993,traffic_signals,"Sengkang East Way, Sengkang, Northeast, 540127, Singapore",
1.3919502,103.9125026,368927585,traffic_signals,"Blk 128C, Punggol Field Walk, Punggol, Northeast, 828740, Singapore",
1.3910755,103.9136226,368927583,traffic_signals,"Punggol East, Punggol, Northeast, 828753, Singapore",
1.3941835,103.9014832,369468292,traffic_signals,"Punggol Road, Punggol, Northeast, 543297, Singapore",
1.3952338,103.9170944,5686387591,,"Punggol Central, Punggol, Northeast, 820652, Singapore",
1.3951377,103.9169797,5686387595,,"Punggol Central, Punggol, Northeast, 828836, Singapore",
1.3840634,103.8902023,5252457373,traffic_signals,"Sengkang East Road, Sengkang, Northeast, 540281, Singapore",
1.4003058,103.8966835,3600770200,,"Tampines Expressway, Punggol, Northeast, 820212, Singapore",
1.4004388,103.8962338,3600770201,traffic_signals,"Punggol Way, Sengkang, Northeast, 542287, Singapore",
1.4186006,103.9035955,4002524011,,"Northshore Link, Punggol, Northeast, 824419, Singapore",
1.417336,103.9061618,5218821351,,"Northshore Crescent, Punggol, Northeast, 822411, Singapore",
1.4173752,103.9057151,5218821355,,"Punggol Way, Punggol, Northeast, 821410, Singapore",
1.3973962,103.9025279,135079149,motorway_junction,"299 MSCP, Tampines Expressway, Punggol, Northeast, 820136, Singapore",10
1.417418,103.906307,5218821356,,"Northshore Crescent, Punggol, Northeast, 822411, Singapore",
1.3940845,103.9014472,369468656,traffic_signals,"Punggol Road, Punggol, Northeast, 543297, Singapore",
1.4170808,103.906349,5218821360,,"Punggol Point, Punggol Way, Punggol, Northeast, 822433, Singapore",
1.4181046,103.906489,5218821362,,"Punggol, Northeast, 822411, Singapore",
1.4185359,103.9064074,5218821366,,"Punggol, Northeast, 822411, Singapore",
1.4188455,103.9068078,5218821367,,"Punggol, Northeast, 822411, Singapore",
1.4184772,103.9066477,5218821372,traffic_signals,"Northshore Crescent, Punggol, Northeast, 822411, Singapore",
1.4185515,103.9066794,5218821373,traffic_signals,"Northshore Crescent, Punggol, Northeast, 822411, Singapore",
1.3951674,103.9058425,135079181,motorway_junction,"188B, Tampines Expressway, Punggol, Northeast, 820136, Singapore",9
1.417205,103.906106,5218821390,,"Punggol Way, Punggol, Northeast, 821410, Singapore",
1.3996064,103.9053896,2274878780,,"Punggol Field, Punggol Cove, Punggol, Northeast, 820198, Singapore",
1.3875114,103.904787,4724598090,,"Rivervale Drive, Sengkang, Northeast, 540123, Singapore",
1.3998056,103.8980199,369173840,,"Tampines Expressway, Punggol, Northeast, 820212, Singapore",
1.4132632,103.9009328,5218788690,,"Punggol Way, Punggol, Northeast, 820401, Singapore",
1.4122174,103.9004688,5218788701,,"Punggol Way, Punggol, Northeast, 820327, Singapore",
1.4130451,103.9002703,5218788704,,"Seletar North Link, Punggol, Northeast, 824326, Singapore",
1.4131266,103.9002945,5218788705,,"Seletar North Link, Punggol, Northeast, 824326, Singapore",
1.4221519,103.8885638,4604732771,,"Seletar North Link, Seletar, Singapore, Central, 821415, Singapore",
1.4165333,103.8936157,4604732781,,"Seletar North Link, Seletar, Singapore, Central, 821325, Singapore",
1.4161076,103.8936311,4604732785,,"Seletar Link, Seletar, Singapore, Central, 821325, Singapore",
1.4003965,103.8921205,135079306,,"Tampines Expressway, Sengkang, Northeast, 820223, Singapore",
1.4030163,103.8968148,4598834586,,"Punggol Way, Sengkang, Northeast, 820106, Singapore",
1.3817543,103.9034783,1913644442,traffic_signals,"Sengkang East Avenue, Sengkang, Northeast, 544811, Singapore",
1.3849154,103.9200366,6089860518,motorway_junction,"Halus Link, Punggol, Northeast, 828869, Singapore",
1.3868941,103.899892,5898659260,traffic_signals,"Compassvale Lane, Sengkang, Northeast, 541227, Singapore",
1.3869149,103.8998397,5898659261,traffic_signals,"Compassvale Lane, Sengkang, Northeast, 541227, Singapore",
1.386837,103.8998153,5898659263,traffic_signals,"Compassvale Lane, Sengkang, Northeast, 541227, Singapore",
1.3996777,103.8967884,135079396,,"Tampines Expressway, Punggol, Northeast, 544288, Singapore",
1.3953684,103.8992134,3063326188,,"Compassvale Crescent, Sengkang, Northeast, 541292, Singapore",
1.4132747,103.9114299,5863220853,,"Punggol Coast Road, Punggol, Northeast, 821446, Singapore",
1.4133076,103.9112395,5863220855,,"New Punggol Road, Punggol, Northeast, 821446, Singapore",
1.3991104,103.9000306,369174139,,"Punggol Crest, 210, Punggol Place, Punggol, Northeast, 820210, Singapore",
1.3969357,103.9042598,369174181,,"Blk 104A, Tampines Expressway, Punggol, Northeast, 820136, Singapore",
1.3885341,103.9079886,6497953524,,"Arulmigu Velmurugan Muneeswarar Temple, 50, Rivervale Crescent, Punggol, Northeast, 542163, Singapore",
1.388493,103.9079819,6497953525,,"157A, Rivervale Crescent, Punggol, Northeast, 542163, Singapore",
1.3887108,103.9075348,6497953526,,"164, Rivervale Crescent, Punggol, Northeast, 540164, Singapore",
1.3886701,103.9075047,6497953527,,"Punggol, Northeast, 540164, Singapore",
1.3921459,103.9054033,369469280,traffic_signals,"Rumbia, Rivervale Drive, Punggol, Northeast, 540151, Singapore",
1.4002906,103.9098166,4697941870,,"Punggol Central, Punggol, Northeast, 828850, Singapore",
1.4004414,103.9098412,4697941873,,"Punggol Spectra, 622D, Punggol Central, Punggol, Northeast, 824622, Singapore",
1.3972484,103.9038324,369174479,traffic_signals,"Punggol Road, Punggol, Northeast, 820136, Singapore",
1.3918212,103.8978996,242952212,traffic_signals,"Sengkang East Way, Sengkang, Northeast, 540239, Singapore",
1.3922607,103.8966823,242952222,,"Sengkang East Way, Sengkang, Northeast, 542257, Singapore",
1.3932743,103.8937054,242952267,traffic_signals,"Sengkang East Way, Sengkang, Northeast, 545025, Singapore",
1.3924006,103.9067473,5921941613,,"185B, Rivervale Crescent, Punggol, Northeast, 540151, Singapore",
1.3923667,103.9067128,5921941614,,"150, Rivervale Crescent, Rivervale Green, Punggol, Northeast, 540150, Singapore",
1.3961264,103.9040452,369174639,,"189A, Tampines Expressway, Punggol, Northeast, 820136, Singapore",
1.390199,103.8994928,3133450363,,"236, Compassvale Walk, Sengkang, Northeast, 540236, Singapore",
1.3934247,103.8936212,369141917,traffic_signals,"Sengkang East Way, Sengkang, Northeast, 542261, Singapore",
1.418622,103.9063845,5278410926,,"Punggol, Northeast, 822411, Singapore",
1.4114499,103.89802,3905775803,traffic_signals,"Sumang Walk, Punggol, Northeast, 820322, Singapore",
1.4115539,103.8980616,3905775805,traffic_signals,"Sumang Link, Punggol, Northeast, 822323, Singapore",
1.3957157,103.8944025,3063326914,,"Sengkang East Road, Sengkang, Northeast, 544625, Singapore",
1.397018,103.8909219,369158350,traffic_signals,"Anchorvale Street, Sengkang, Northeast, 542330, Singapore",
1.4163632,103.9096091,5742340349,,"Punggol Road, Punggol, Northeast, 822433, Singapore",
1.4021207,103.8946471,4002523403,traffic_signals,"Matilda Edge, 222, Sumang Lane, Sengkang, Northeast, 820222, Singapore",
1.4021336,103.8945524,4002523404,traffic_signals,"Sumang Walk, Sengkang, Northeast, 822217, Singapore",
1.4026587,103.8910089,4002523407,traffic_signals,"Sumang Crescent, Sengkang, Northeast, 822232, Singapore",
1.3904233,103.8898068,4715292959,,"319A, Anchorvale Drive, Sengkang, Northeast, 541319, Singapore",
1.39613,103.8945619,369158458,traffic_signals,"Sengkang East Road, Sengkang, Northeast, 544625, Singapore",
1.4005488,103.9146219,2274879836,,"Edgedale Plains, Punggol, Northeast, 823635, Singapore",
1.4159952,103.9058255,1749002699,,"Bridges Montessori Kindergarten, Punggol Seventeenth Avenue, Punggol, Northeast, 829645, Singapore",
1.3948797,103.8990991,1848076757,traffic_signals,"Compassvale Street, Sengkang, Northeast, 540256, Singapore",
1.3952407,103.8992132,5178419688,,"Compassvale Crescent, Sengkang, Northeast, 541292, Singapore",
1.395234,103.8991291,5178419689,,"Compassvale Crescent, Sengkang, Northeast, 541292, Singapore",
1.4062012,103.8952353,4598671860,,"Punggol, Northeast, 821256, Singapore",
1.406436,103.8955874,4598671863,,"Punggol, Northeast, 821256, Singapore",
1.4065392,103.8956921,4598671864,,"Punggol Central, Punggol, Northeast, 821256, Singapore",
1.4069497,103.8953735,4598671867,,"Punggol, Northeast, 821256, Singapore",
1.4027527,103.8991207,4598671868,,"Punggol Field, Punggol, Northeast, 821269, Singapore",
1.4029522,103.899555,4598671872,,"Punggol Sapphire, 270A, Punggol Field, Punggol, Northeast, 821270, Singapore",
1.4025167,103.8998156,4598671873,,"Punggol Residences, 272D, Punggol Walk, Punggol, Northeast, 824272, Singapore",
1.4029134,103.8996769,4598671877,,"Punggol Residences, 272C, Punggol Walk, Punggol, Northeast, 823272, Singapore",
1.4026042,103.8990886,4598671878,,"Punggol Walk, Punggol, Northeast, 821269, Singapore",
1.4021912,103.8992737,4598671882,,"Punggol Walk, Punggol, Northeast, 821269, Singapore",
1.4023008,103.8998756,4598671883,,"Punggol Field, Punggol, Northeast, 821211, Singapore",
1.402237,103.8993808,4598671886,,"Punggol Field, Punggol, Northeast, 821211, Singapore",
1.4018214,103.9021965,4598671888,,"Punggol Field, Punggol, Northeast, 822273, Singapore",
1.4030466,103.8966423,4702038545,,"Punggol Way, Sengkang, Northeast, 820122, Singapore",
1.403343,103.8964105,4702038548,,"Punggol Field, Punggol, Northeast, 822258, Singapore",
1.4034183,103.8964235,4702038549,,"Punggol Field, Punggol, Northeast, 822258, Singapore",
1.4036165,103.8967475,4702038552,,"Punggol Way, Punggol, Northeast, 822258, Singapore",
1.4002941,103.9153469,2274880033,,"Punggol, Northeast, 822638, Singapore",
1.4007152,103.9088292,2274880055,,"Edgefield Plains, Punggol, Northeast, 828710, Singapore",
1.3933843,103.8937421,369142425,traffic_signals,"Sengkang East Way, Sengkang, Northeast, 542261, Singapore",
1.400443,103.9146847,2274880184,,"Edgedale Plains, Punggol, Northeast, 821638, Singapore",
1.4006592,103.9092798,2274880197,,"Punggol Central, Punggol, Northeast, 828850, Singapore",
1.4041333,103.8912024,4002523905,traffic_signals,"Sumang Crescent, Sengkang, Northeast, 822228, Singapore",
1.3795144,103.9207979,135080726,motorway_junction,"Tampines Expressway, Punggol, Northeast, 520175, Singapore",6
1.4005812,103.9088758,2274880313,,"Blk 193, Edgefield Plains, Punggol, Northeast, 828710, Singapore",
1.4016806,103.9018035,4598672192,,"Punggol Field, Punggol, Northeast, 822273, Singapore",
1.4015174,103.9017357,4598672193,,"Masjid Al-Islah, 30, Punggol Field, Punggol, Northeast, 828812, Singapore",
1.4011768,103.90181,4598672197,,"Punggol Sails, 208B, Punggol Place, Punggol, Northeast, 822208, Singapore",
1.4011516,103.9019164,4598672198,,"Punggol Field, Punggol, Northeast, 828812, Singapore",
1.4012639,103.9022935,4598672202,,"Punggol Field, Punggol, Northeast, 828812, Singapore",
1.4013854,103.9023476,4598672203,,"Blk 289A, Punggol Field, Punggol, Northeast, 828812, Singapore",
1.4017861,103.9022654,4598672207,,"Punggol Place, Punggol, Northeast, 821273, Singapore",
1.4057109,103.9006951,4598672221,,"A Treasure Trove, 56, Punggol Walk, Punggol, Northeast, 820056, Singapore",
1.4056398,103.9007845,4598672225,,"Punggol Walk, Punggol, Northeast, 822272, Singapore",
1.4057898,103.901183,4598672229,,"Waterway Point, 83, Punggol Central, Punggol, Northeast, 828763, Singapore",
1.4164123,103.900662,4002524006,,"Northshore Waterfront, 413A, Northshore Drive, Punggol, Northeast, 821413, Singapore",
1.3897938,103.8973354,4478315384,traffic_signals,"Sengkang Square, Sengkang, Northeast, 544757, Singapore",
1.3897214,103.8973126,4478315385,traffic_signals,"Sengkang Square, Sengkang, Northeast, 544757, Singapore",
1.4041235,103.8912845,4598672255,traffic_signals,"Punggol Field, Sengkang, Northeast, 822228, Singapore",
1.3897254,103.8974595,4478315386,,"Compassvale Walk, Sengkang, Northeast, 540241, Singapore",
1.3905793,103.9015424,3063311296,,"Punggol Road, Sengkang, Northeast, 540232, Singapore",
1.3904766,103.8963366,3063311303,,"Sengkang, Northeast, 544705, Singapore",
1.3923013,103.9146504,369175543,traffic_signals,"Punggol Field, Punggol, Northeast, 828811, Singapore",
1.3952698,103.9167883,369175567,traffic_signals,"Punggol East, Punggol, Northeast, 820652, Singapore",
1.4060895,103.9009545,1167567948,traffic_signals,"Punggol Walk, Punggol, Northeast, 820073, Singapore",
1.4092217,103.9022787,1167567951,traffic_signals,"Sentul Crescent, Punggol, Northeast, 821313, Singapore",
1.4091209,103.9022329,1167567954,traffic_signals,"Sumang Link, Punggol, Northeast, 821313, Singapore",
1.4065003,103.9010845,1167567959,,"Punggol Walk, Punggol, Northeast, 820073, Singapore",
1.4059966,103.9011352,1167567983,,"Waterway Point, 73, Punggol Central, Punggol, Northeast, 820073, Singapore",
1.4108128,103.8996971,1167567993,traffic_signals,"Sumang Link, Punggol, Northeast, 821312, Singapore",
1.4105349,103.9001992,1167567994,,"Punggol ParcVista, 312A, Sumang Link, Punggol, Northeast, 821312, Singapore",
1.4107265,103.8996556,1167568001,traffic_signals,"Punggol Way, Punggol, Northeast, 821312, Singapore",
1.4104553,103.9001284,1167568000,,"Sumang Link, Punggol, Northeast, 821312, Singapore",
1.3903062,103.8959067,3063311502,,"Sengkang, Northeast, 544705, Singapore",
1.390069,103.8965883,3063311560,,"Sengkang Square, Sengkang, Northeast, 544755, Singapore",
1.389758,103.8972179,242953527,traffic_signals,"27, Compassvale Road, Sengkang, Northeast, 544757, Singapore",
1.3901059,103.8962076,242953528,traffic_signals,"Sengkang Square, Sengkang, Northeast, 544755, Singapore",
1.390863,103.8940238,242953529,traffic_signals,"Sengkang Square, Sengkang, Northeast, 542216, Singapore",
1.3912131,103.8930012,242953530,traffic_signals,"Sengkang East Road, Sengkang, Northeast, 545015, Singapore",
1.4007812,103.9093751,2274880832,,"Punggol Central, Punggol, Northeast, 828850, Singapore",
1.3865048,103.9074024,242937156,traffic_signals,"Sengkang East Way, Punggol, Northeast, 540170, Singapore",
1.3863914,103.907458,242937176,traffic_signals,"Sengkang East Way, Punggol, Northeast, 540170, Singapore",
1.4158927,103.9003244,4000099726,,"Northshore Walk, Punggol, Northeast, 820405, Singapore",
1.3879454,103.8969696,3865151150,,"Compassvale Drive, Sengkang, Northeast, 541223, Singapore",
1.3880804,103.8963329,3865151153,,"Compassvale Drive, Sengkang, Northeast, 544749, Singapore",
1.3881736,103.8963114,3865151154,,"Compassvale Drive, Sengkang, Northeast, 544751, Singapore",
1.3931923,103.9133432,411102660,,"Blk 128B, Punggol Field, Punggol, Northeast, 828815, Singapore",
1.392289,103.914456,411102666,traffic_signals,"Punggol East, Punggol, Northeast, 828811, Singapore",
1.3921945,103.9145753,411102673,traffic_signals,"Punggol East, Punggol, Northeast, 828811, Singapore",
1.4044809,103.9038275,411102677,traffic_signals,"Punggol Central, Punggol, Northeast, 828724, Singapore",
1.398153,103.913025,411102684,traffic_signals,"Edgedale Plains, Punggol, Northeast, 821053, Singapore",
1.4008596,103.914581,2274881012,,"Punggol Drive, Punggol, Northeast, 823635, Singapore",
1.3962307,103.8942372,3063328275,,"Anchorvale Street, Sengkang, Northeast, 544625, Singapore",
1.3904927,103.8964406,3063311912,,"Sengkang, Northeast, 544756, Singapore",
1.4010518,103.9087462,2274881112,,"Punggol Central, Punggol, Northeast, 828710, Singapore",
1.3980674,103.9070194,4698074724,,"Punggol Cove, Punggol, Northeast, 820198, Singapore",
1.3984727,103.9068999,4698074728,,"Punggol Field, Punggol Cove, Punggol, Northeast, 820198, Singapore",
1.3980253,103.9073965,4698074729,,"Punggol Meridian, Punggol, Northeast, 820198, Singapore",
1.3979492,103.9070516,4698074733,,"Blk 107A, Edgefield Plains, Punggol Meridian, Punggol, Northeast, 820198, Singapore",
1.398564,103.907458,4698074734,,"Edgefield Plains, Punggol, Northeast, 820100, Singapore",
1.3981835,103.9075169,4698074738,,"Edgefield Plains, Punggol, Northeast, 820100, Singapore",
1.4064628,103.897064,5181566596,,"Punggol Central, Punggol, Northeast, 821261, Singapore",
1.4068171,103.897665,5181566599,,"Punggol Way, Punggol, Northeast, 821314, Singapore",
1.4174388,103.9042128,368930446,,"Punggol Seventeenth Avenue, Punggol, Northeast, 823408, Singapore",
1.4155865,103.9053203,368930452,,"Punggol Seventeenth Avenue, Punggol, Northeast, 829645, Singapore",
1.4012536,103.9092274,2274881206,,"Edgefield Plains, Punggol, Northeast, 828850, Singapore",
1.390727,103.9030975,3063312093,,"Saint Anne's Wood, Sengkang, Northeast, 545271, Singapore",
1.396485,103.8946975,3063328486,,"Sengkang East Road, Sengkang, Northeast, 544624, Singapore",
1.3965125,103.8948271,3063328509,,"Sengkang East Road, Sengkang, Northeast, 540294, Singapore",
1.4011585,103.9088331,2274881282,,"Punggol Central, Punggol, Northeast, 828710, Singapore",
1.3953869,103.9166314,368897810,traffic_signals,"Punggol East, Punggol, Northeast, 820652, Singapore",
1.4042313,103.8912973,4853608215,traffic_signals,"Sumang Crescent, Sengkang, Northeast, 822228, Singapore",
1.4026408,103.8911379,4853608216,traffic_signals,"Matilda Court, 232A, Sumang Lane, Sengkang, Northeast, 821232, Singapore",
1.4040974,103.89148,4853608217,,"Punggol Field, Sengkang, Northeast, 822228, Singapore",
1.4039593,103.8912703,4853608219,,"Sumang Crescent, Sengkang, Northeast, 822228, Singapore",
1.4012078,103.9093156,2274881314,,"Punggol Secondary School, 51, Edgefield Plains, Punggol, Northeast, 828870, Singapore",
1.4233183,103.8862716,3444600665,,"Seletar North Link, Seletar, Singapore, Central, 821415, Singapore",
1.3855538,103.9030073,377646952,traffic_signals,"Rivervale Plaza, Rivervale Lane, Sengkang, Northeast, 542123, Singapore",
1.3910934,103.9010239,3063312269,,"Sengkang East Way, Sengkang, Northeast, 546639, Singapore",
1.3980923,103.9128445,368897966,traffic_signals,"Edgedale Plains, Punggol, Northeast, 821053, Singapore",
1.3912017,103.8941392,3063312306,,"Sengkang, Northeast, 542216, Singapore",
1.3912072,103.8933002,3063312313,,"Kopitiam Square, 10, Sengkang Square, Sengkang, Northeast, 544829, Singapore",
1.3883582,103.89672,3865151259,,"31, Compassvale Road, Sengkang, Northeast, 544759, Singapore",
1.4152816,103.9040598,4604732761,,"Punggol, Northeast, 829645, Singapore",
1.3927356,103.9139104,5218349037,,"Punggol Field, Punggol, Northeast, 828740, Singapore",
1.392869,103.9132952,5218349044,,"Punggol, Northeast, 828815, Singapore",
1.3931018,103.9134577,5218349048,,"Punggol Field Walk, Punggol, Northeast, 828815, Singapore",
1.3918116,103.9125084,5218349065,traffic_signals,"Punggol Field Walk, Punggol, Northeast, 828750, Singapore",
1.3918931,103.9125736,5218349066,traffic_signals,"Punggol Field Walk, Punggol, Northeast, 828750, Singapore",
1.3909562,103.9135268,5218349080,traffic_signals,"Punggol East, Punggol, Northeast, 828749, Singapore",
1.391871,103.9124364,5218349081,traffic_signals,"Punggol Field Walk, Punggol, Northeast, 828750, Singapore",
1.4167073,103.8936787,3089297465,,"Seletar North Link, Seletar, Singapore, Central, 821325, Singapore",
1.39258,103.9148429,3593810028,,"Punggol East, Punggol, Northeast, 828811, Singapore",
1.3920941,103.9149076,3593810031,,"Punggol Field, Punggol, Northeast, 828811, Singapore",
1.3919941,103.914858,3593810032,,"Bright Hill Evergreen Home, 100, Punggol Field, Punggol, Northeast, 828811, Singapore",
1.3919642,103.9144359,3593810035,,"Punggol East, Punggol, Northeast, 828811, Singapore",
1.4184061,103.9033772,5218807952,,"Punggol, Northeast, 824409, Singapore",
1.4183327,103.9036332,5218807955,,"Punggol, Northeast, 824409, Singapore",
1.4183292,103.9037396,5218807956,,"Punggol, Northeast, 824409, Singapore",
1.4185265,103.903634,5218807961,,"Northshore Link, Punggol, Northeast, 824409, Singapore",
1.4184848,103.9035486,5218807962,,"Northshore Drive, Punggol, Northeast, 824409, Singapore",
1.4186439,103.903966,5218807960,,"Punggol, Northeast, 824409, Singapore",
1.4184448,103.9067667,5218807965,traffic_signals,"Northshore Crescent, Punggol, Northeast, 822411, Singapore",
1.4174898,103.9043865,5218807982,,"Punggol Way, Punggol, Northeast, 823408, Singapore",
1.417605,103.9040382,5218807989,,"Northshore Link, Punggol, Northeast, 823408, Singapore",
1.4176033,103.9041278,5218807988,,"Northshore Link, Punggol, Northeast, 823408, Singapore",
1.4171285,103.9036517,5218807995,,"Punggol Way, Punggol, Northeast, 823408, Singapore",
1.4174097,103.9041418,5218807996,,"Punggol Way, Punggol, Northeast, 823408, Singapore",
1.4185623,103.9035054,5218807997,,"Northshore Waterfront, 419D, Northshore Drive, Punggol, Northeast, 824419, Singapore",
1.417028,103.9043337,5218808001,,"Punggol Seventeenth Avenue, Punggol, Northeast, 823408, Singapore",
1.4170186,103.9044218,5218808002,,"Punggol Seventeenth Avenue, Punggol, Northeast, 823408, Singapore",
1.4172626,103.904211,5218808008,,"Punggol Seventeenth Avenue, Punggol, Northeast, 823408, Singapore",
1.3820591,103.9033601,3106550117,,"116C, Sengkang East Drive, Sengkang, Northeast, 544811, Singapore",
1.4025138,103.9066905,2274881915,,"Punggol Central, Punggol, Northeast, 828713, Singapore",
1.3909173,103.8929037,3063312773,,"Sengkang East Road, Sengkang, Northeast, 540215, Singapore",
1.3887584,103.9237401,5826081188,,"Pasir Ris Industrial Drive 1, Punggol, Northeast, 828869, Singapore",
1.4024165,103.9061699,2274882073,,"Blk 194, Punggol Road, Punggol, Northeast, 820301, Singapore",
1.4025907,103.9060952,2274882083,,"Punggol Road, Punggol, Northeast, 820301, Singapore",
1.3914118,103.9260865,6086062647,,"Lorong Halus, Punggol, Northeast, 828869, Singapore",
1.3909822,103.9011263,3063312955,,"Sengkang East Way, Sengkang, Northeast, 546639, Singapore",
1.3915132,103.9260224,6086062656,,"Pasir Ris Farmway 3, Punggol, Northeast, 828869, Singapore",
1.4024602,103.8994881,2274882120,traffic_signals,"Punggol Field, Punggol, Northeast, 821269, Singapore",
1.3910495,103.893758,3063312994,,"Sengkang, Northeast, 542216, Singapore",
1.3910639,103.9018202,3063312998,,"CHIJ St Joseph's Convent, 62, Sengkang East Way, Sengkang, Northeast, 548595, Singapore",
1.4008299,103.9090579,368898713,traffic_signals,"Blk 193, Edgefield Plains, Punggol, Northeast, 828710, Singapore",
1.4025963,103.8995508,2274882221,traffic_signals,"Punggol Field, Punggol, Northeast, 823272, Singapore",
1.3976914,103.9024351,369177323,,"Blk 204C, Tampines Expressway, Punggol, Northeast, 820136, Singapore",
1.3911164,103.8932835,3063313160,,"Sengkang Square, Sengkang, Northeast, 541216, Singapore",
1.3912334,103.9010062,3063313201,,"381, Lor Buang Kok, Sengkang, Northeast, 546639, Singapore",
1.3912459,103.9002786,3063313215,,"Kinderland, 363,365, Lor Buang Kok, Sengkang, Northeast, 546639, Singapore",
1.4027593,103.9065893,2274882386,,"Blk 602B, Punggol Central, Punggol, Northeast, 820301, Singapore",
1.3914132,103.9031673,3063313260,,"38, Saint Anne's Wood, Punggol, Northeast, 545244, Singapore",
1.3911366,103.9258582,6662812532,,"Lorong Halus, Punggol, Northeast, 828869, Singapore",
1.3911374,103.9263408,6662812538,,"Punggol, Northeast, 828869, Singapore",
1.3916144,103.8931373,3063313299,,"Sengkang East Road, Sengkang, Northeast, 545015, Singapore",
1.4036188,103.8947374,3905778593,traffic_signals,"Sumang Walk, Sengkang, Northeast, 822259, Singapore",
1.3912261,103.8942517,3063313343,,"Sengkang, Northeast, 543216, Singapore",
1.3928444,103.9150269,5218413689,,"Punggol East, Punggol, Northeast, 828824, Singapore",
1.3928318,103.9153849,5218413691,,"Tebing Lane, Punggol, Northeast, 828824, Singapore",
1.3913584,103.9013847,3063313410,,"405, Punggol Road, Sengkang, Northeast, 546646, Singapore",
1.387307,103.9045201,377648142,,"Rivervale Drive, Sengkang, Northeast, 540123, Singapore",
1.4021809,103.8946566,4003656720,traffic_signals,"Matilda Portico, 217B, Sumang Lane, Sengkang, Northeast, 822217, Singapore",
1.4002376,103.89462,369177623,motorway_junction,"Tampines Expressway, Punggol, Northeast, 820212, Singapore",9
1.4021934,103.8945668,4003656731,traffic_signals,"Sumang Walk, Sengkang, Northeast, 822217, Singapore",
1.3885956,103.9059487,377648177,traffic_signals,"Rivervale Drive, Punggol, Northeast, 540143, Singapore",
1.4032316,103.9106328,2274882620,,"Blk 614B, Edgefield Plains, Punggol, Northeast, 823619, Singapore",
1.4030193,103.9059567,2274882621,,"Blk 299, Punggol Central, Punggol, Northeast, 820301, Singapore",
1.3886771,103.9060385,377648202,traffic_signals,"Rivervale Drive, Punggol, Northeast, 540143, Singapore",
1.3915302,103.8979422,3063313529,,"Compassvale Road, Sengkang, Northeast, 540239, Singapore",
1.4148607,103.9044888,368931966,,"St. Francis Xavier Major Seminary, 199, Punggol Seventeenth Avenue, Punggol, Northeast, 829645, Singapore",
1.4166401,103.9054064,368931974,,"Punggol Seventeenth Avenue, Punggol, Northeast, 820410, Singapore",
1.3913614,103.9014772,3063313544,,"Punggol Road, Sengkang, Northeast, 546639, Singapore",
1.3995623,103.8952195,3600774304,,"Tampines Expressway, Sengkang, Northeast, 820221, Singapore",
1.399315,103.896324,3600774305,,"Punggol West Interchange, Sengkang, Northeast, 543287, Singapore",
1.399444,103.8957367,3600774306,traffic_signals,"Punggol Way, Sengkang, Northeast, 820221, Singapore",
1.3914,103.903612,3063313589,,"24, Saint Anne's Wood, Punggol, Northeast, 545244, Singapore",
1.3914277,103.8977931,3063313593,,"Compassvale Road, Sengkang, Northeast, 540239, Singapore",
1.4031212,103.9113762,2274882750,,"Punggol, Northeast, 822619, Singapore",
1.4115093,103.8981571,3905778919,traffic_signals,"Sumang Link, Punggol, Northeast, 822323, Singapore",
1.4114035,103.8981028,3905778920,traffic_signals,"Sumang Walk, Punggol, Northeast, 820322, Singapore",
1.4066191,103.895311,3905778922,traffic_signals,"Punggol Central, Punggol, Northeast, 821256, Singapore",
1.4036059,103.894827,3905778923,traffic_signals,"Punggol Field, Sengkang, Northeast, 820218, Singapore",
1.4032837,103.9108044,2274882854,,"Punggol, Northeast, 822619, Singapore",
1.4167946,103.9056565,368932134,,"Punggol Seventeenth Avenue, Punggol, Northeast, 821410, Singapore",
1.4006262,103.9151658,4504401270,,"Punggol Drive, Punggol, Northeast, 820666, Singapore",
1.401034,103.9150793,4504401272,,"Punggol, Northeast, 820666, Singapore",
1.4010987,103.9150204,4504401275,,"Edgedale Plains, Punggol, Northeast, 820666, Singapore",
1.401068,103.9145951,4504401277,,"Punggol Drive, Punggol, Northeast, 820666, Singapore",
1.3938454,103.9013544,3063313817,,"Punggol Road, Sengkang, Northeast, 543297, Singapore",
1.394902,103.8990209,242955719,traffic_signals,"Compassvale Street, Sengkang, Northeast, 540256, Singapore",
1.4032279,103.9065025,2274883021,,"Punggol Road, Punggol, Northeast, 820301, Singapore",
1.402883,103.8911516,5094913492,,"Sumang Crescent, Sengkang, Northeast, 822229, Singapore",
1.4026597,103.8914234,5094913493,,"Sengkang, Northeast, 822229, Singapore",
1.4192076,103.8930582,1736766942,,"Seletar North Link, Seletar, Singapore, Central, 821415, Singapore",
1.4192787,103.8929146,1736766945,,"Seletar North Link, Seletar, Singapore, Central, 821415, Singapore",
1.3832204,103.8987633,4593677839,,"Punggol Road, Sengkang, Northeast, 541209, Singapore",
1.4063554,103.8976929,368899628,traffic_signals,"Punggol Way, Punggol, Northeast, 821266, Singapore",
1.4060179,103.9007804,368899632,traffic_signals,"Punggol Walk, Punggol, Northeast, 820056, Singapore",
1.4043366,103.9038354,368899633,traffic_signals,"Punggol Place, Punggol, Northeast, 828724, Singapore",
1.4027819,103.9063242,368899634,traffic_signals,"Punggol Central, Punggol, Northeast, 820301, Singapore",
1.4073682,103.9053812,395048534,traffic_signals,"Sentul Crescent, Punggol, Northeast, 828845, Singapore",
1.4059892,103.9077163,395048535,traffic_signals,"Punggol Road, Punggol, Northeast, 820679, Singapore",
1.4036731,103.9109694,395048536,traffic_signals,"Punggol Drive, Punggol, Northeast, 822619, Singapore",
1.4036067,103.9110425,395048575,traffic_signals,"Edgefield Plains, Punggol, Northeast, 821667, Singapore",
1.4036422,103.9106667,2274883199,,"Punggol, Northeast, 822619, Singapore",
1.4008685,103.9148496,395048584,traffic_signals,"Edgedale Plains, Punggol, Northeast, 820666, Singapore",
1.3980268,103.9185566,395048587,traffic_signals,"Punggol East, Punggol, Northeast, 820094, Singapore",
1.397943,103.9186803,395048588,traffic_signals,"Punggol East, Punggol, Northeast, 821653, Singapore",
1.417382,103.9046095,4697831197,,"Punggol Way, Punggol, Northeast, 820410, Singapore",
1.4172897,103.9042735,4697831198,,"Punggol Seventeenth Avenue, Punggol, Northeast, 823408, Singapore",
1.4171205,103.9039082,4697831199,,"Punggol Way, Punggol, Northeast, 820401, Singapore",
1.4127912,103.9009213,4697831205,traffic_signals,"Punggol Way, Punggol, Northeast, 824326, Singapore",
1.4011964,103.8858461,378648373,,"Tampines Expressway, Sengkang, Northeast, 544338, Singapore",
1.4128778,103.9009553,1736652601,traffic_signals,"Punggol Way, Punggol, Northeast, 824326, Singapore",
1.4186744,103.8927969,1736652633,,"Seletar North Link, Seletar, Singapore, Central, 821325, Singapore",
1.4196881,103.8923522,1736652638,,"Seletar North Link, Seletar, Singapore, Central, 821415, Singapore",
1.4013716,103.8858513,378648434,,"Tampines Expressway, Sengkang, Northeast, 544338, Singapore",
1.3930878,103.9074334,4598855717,,"Punggol, Northeast, 540150, Singapore",
1.4160762,103.8944587,3089299557,,"Seletar North Link, Seletar, Singapore, Central, 821325, Singapore",
1.3917592,103.8983144,3063314608,,"Sengkang East Way, Sengkang, Northeast, 540249, Singapore",
1.3919566,103.903671,3063314672,,"60, Saint Anne's Wood, Punggol, Northeast, 540197, Singapore",
1.3919733,103.9031951,3063314687,,"66, Saint Anne's Wood, Punggol, Northeast, 540197, Singapore",
1.3918796,103.9002845,3063314796,,"4, Jalan Merdu, Sengkang, Northeast, 548661, Singapore",
1.3919,103.8976604,3063314827,,"Sengkang East Way, Sengkang, Northeast, 541257, Singapore",
1.3916589,103.8983396,3063314845,,"Sengkang East Way, Sengkang, Northeast, 540239, Singapore",
1.4007321,103.9147505,368900542,traffic_signals,"Punggol Drive, Punggol, Northeast, 823635, Singapore",
1.3916432,103.9123722,5256683763,,"23, Punggol Field Walk, Waterwoods, Punggol, Northeast, 828750, Singapore",
1.3916654,103.9126848,5256683767,,"Punggol Field Walk, Waterwoods, Punggol, Northeast, 828751, Singapore",
1.3919983,103.8976766,3063314975,,"Sengkang East Way, Sengkang, Northeast, 541257, Singapore",
1.4055871,103.9074815,2274884131,,"Punggol Road, Punggol, Northeast, 821679, Singapore",
1.3901313,103.904143,6197639742,,"Punggol, Northeast, 545084, Singapore",
1.3901899,103.9043871,6197639746,,"Punggol, Northeast, 545084, Singapore",
1.4055722,103.9079736,2274884191,,"Blk 612C, Punggol Drive, Punggol, Northeast, 821679, Singapore",
1.3910271,103.9134388,5862767199,,"19, Punggol Field Walk, Waterwoods, Punggol, Northeast, 828748, Singapore",
1.3911788,103.9137044,5862767203,,"Punggol East, Punggol, Northeast, 828753, Singapore",
1.3909848,103.9137358,5862767208,traffic_signals,"Punggol East, Punggol, Northeast, 828753, Singapore",
1.3908634,103.9136474,5862767209,traffic_signals,"Punggol East, Punggol, Northeast, 828749, Singapore",
1.3908147,103.9134234,5862767202,,"Punggol East, Punggol, Northeast, 828749, Singapore",
1.4054585,103.9075586,2274884297,,"Punggol Road, Punggol, Northeast, 821679, Singapore",
1.3865118,103.8941046,4598842419,,"Sengkang East Avenue, Sengkang, Northeast, 540270, Singapore",
1.3918717,103.9008832,3063315328,,"12, Jalan Merdu, Sengkang, Northeast, 548661, Singapore",
1.4057384,103.9080643,2274884501,,"Waterway Brooks, 679A, Punggol Drive, Punggol, Northeast, 821679, Singapore",
1.4059675,103.9009087,2274884591,traffic_signals,"Punggol Central, Punggol, Northeast, 820056, Singapore",
1.4141167,103.9036101,368933876,,"St. Francis Xavier Major Seminary, 199, Punggol Seventeenth Avenue, Punggol, Northeast, 829645, Singapore",
1.4066366,103.8952131,3905780730,traffic_signals,"Punggol Central, Punggol, Northeast, 821256, Singapore",
1.4064904,103.8952909,3905780731,traffic_signals,"Punggol Central, Punggol, Northeast, 821256, Singapore",
1.4065094,103.895186,3905780732,traffic_signals,"Punggol Central, Punggol, Northeast, 821256, Singapore",
1.4037005,103.8947437,3905780733,traffic_signals,"Punggol Field, Sengkang, Northeast, 822259, Singapore",
1.4036896,103.8948381,3905780734,traffic_signals,"Sumang Walk, Sengkang, Northeast, 822259, Singapore",
1.4060506,103.9073345,2274884613,,"Punggol Drive, Punggol, Northeast, 820679, Singapore",
1.3913,103.8930307,375766031,traffic_signals,"Sengkang Square, Sengkang, Northeast, 545015, Singapore",
1.390947,103.8940555,375766074,traffic_signals,"Sengkang Square, Sengkang, Northeast, 542216, Singapore",
1.4062569,103.9078678,2274884670,,"Punggol Road, Punggol, Northeast, 820679, Singapore",
1.3901907,103.896237,375766121,traffic_signals,"Sengkang Square, Sengkang, Northeast, 544755, Singapore",
1.4062428,103.9073543,2274884721,,"Punggol Drive, Punggol, Northeast, 820679, Singapore",
1.3898248,103.8972386,375766139,traffic_signals,"Sengkang Square, Sengkang, Northeast, 544757, Singapore",
1.4061377,103.9079439,2274884735,,"Punggol Road, Punggol, Northeast, 820679, Singapore",
1.4070332,103.905242,2274884761,,"Punggol Place, Punggol, Northeast, 828845, Singapore",
1.4070061,103.9057551,2274884765,,"Fo Guang Shan (Singapore), Punggol Drive, Punggol, Northeast, 828845, Singapore",
1.4071493,103.9058431,2274884789,,"Punggol Drive, Punggol, Northeast, 820679, Singapore",
1.4073569,103.9050972,2274884797,,"Punggol Drive, Punggol, Northeast, 820061, Singapore",
1.4074831,103.905129,2274884815,,"Punggol Drive, Punggol, Northeast, 820061, Singapore",
1.4076498,103.9055053,2274884818,,"Sentul Crescent, Punggol, Northeast, 828845, Singapore",
1.407324,103.9054709,411679955,traffic_signals,"Sentul Crescent, Punggol, Northeast, 828845, Singapore",
1.4059216,103.9078136,411679956,traffic_signals,"Punggol Road, Punggol, Northeast, 820679, Singapore",
1.4008083,103.9149326,411679957,traffic_signals,"Punggol Drive, Punggol, Northeast, 820666, Singapore",
1.4032948,103.8966903,411679959,traffic_signals,"Punggol Field, Punggol, Northeast, 822258, Singapore",
1.4076454,103.9056165,2274884823,,"Sentul Crescent, Punggol, Northeast, 828845, Singapore",
1.4089163,103.9020415,2274884834,,"Punggol Walk, Punggol, Northeast, 821313, Singapore",
1.4032637,103.8968612,411679973,traffic_signals,"Punggol Way, Punggol, Northeast, 820122, Singapore",
1.3983383,103.9072954,411679974,traffic_signals,"Punggol Field, Punggol, Northeast, 820100, Singapore",
1.3952544,103.9108511,411679976,traffic_signals,"Edgedale Plains, Punggol, Northeast, 828848, Singapore",
1.3980309,103.9129379,411679980,traffic_signals,"Punggol Central, Punggol, Northeast, 828730, Singapore",
1.4043804,103.9037633,411679981,traffic_signals,"Punggol Place, Punggol, Northeast, 828724, Singapore",
1.4006718,103.9148335,411679982,traffic_signals,"Edgedale Plains, Punggol, Northeast, 821638, Singapore",
1.4057705,103.9077311,411679983,traffic_signals,"Punggol Drive, Punggol, Northeast, 821679, Singapore",
1.4093231,103.9019195,2274884849,,"Waterway Terraces, 310B, Punggol Walk, Punggol, Northeast, 822310, Singapore",
1.3982345,103.9071445,411679985,traffic_signals,"Punggol Field, Punggol Cove, Punggol, Northeast, 820198, Singapore",
1.3983908,103.9072434,411679986,traffic_signals,"Punggol Field, Punggol, Northeast, 820100, Singapore",
1.3999848,103.9051577,411679988,traffic_signals,"Punggol Road, Punggol, Northeast, 820198, Singapore",
1.3998178,103.9050898,411679989,traffic_signals,"Punggol Field, Punggol, Northeast, 820198, Singapore",
1.4000698,103.9050242,411679990,traffic_signals,"Punggol Field, Punggol, Northeast, 820198, Singapore",
1.4095948,103.9023363,2274884855,,"Sentul Crescent, Punggol, Northeast, 821313, Singapore",
1.409472,103.901895,2274884856,,"Punggol, Northeast, 821313, Singapore",
1.3913408,103.8929123,375766316,traffic_signals,"Sengkang Square, Sengkang, Northeast, 545015, Singapore",
1.4072315,103.9053287,368901446,traffic_signals,"Punggol Place, Punggol, Northeast, 828845, Singapore",
1.4058411,103.9076287,368901452,traffic_signals,"Punggol Road, Punggol, Northeast, 821679, Singapore",
1.4034522,103.910928,368901455,traffic_signals,"Punggol Breeze, 619B, Punggol Drive, Punggol, Northeast, 822619, Singapore",
1.4165532,103.8992599,4604820865,,"Marina Country Club, Northshore Walk, Punggol, Northeast, 820413, Singapore",
1.411188,103.8979708,4604820866,,"Punggol, Northeast, 820322, Singapore",
1.411288,103.8983677,4604820870,,"Punggol, Northeast, 820322, Singapore",
1.4114133,103.8983863,4604820871,,"Punggol, Northeast, 822323, Singapore",
1.4117735,103.8982843,4604820875,,"Punggol, Northeast, 822323, Singapore",
1.3919003,103.8979284,369163840,traffic_signals,"Sengkang East Way, Sengkang, Northeast, 541257, Singapore",
1.3862324,103.9015947,242941536,traffic_signals,"Compassvale Drive, Sengkang, Northeast, 543123, Singapore",
1.4036522,103.8950709,5178392191,,"Sengkang, Northeast, 822259, Singapore",
1.3909671,103.9014441,242941570,traffic_signals,"Sengkang East Way, Sengkang, Northeast, 546639, Singapore",
1.4039893,103.8948543,5178392194,,"Sengkang, Northeast, 822259, Singapore",
1.4039029,103.8947783,5178392195,,"Sumang Walk, Sengkang, Northeast, 822259, Singapore",
1.4037389,103.8944827,5178392199,,"Punggol Field, Sengkang, Northeast, 822227, Singapore",
1.4036446,103.8945508,5178392200,,"Punggol Field, Sengkang, Northeast, 822227, Singapore",
1.4033667,103.8947049,5178392204,,"Sumang Walk, Sengkang, Northeast, 821217, Singapore",
1.4035374,103.8953179,5178392205,,"Sengkang, Northeast, 820218, Singapore",
1.4034067,103.8948023,5178392209,,"U Stars Megamart, 218, Sumang Walk, Sengkang, Northeast, 821217, Singapore",
1.4071957,103.905411,411679984,traffic_signals,"Punggol Place, Punggol, Northeast, 828845, Singapore",
1.3924432,103.915834,1840905884,,"Tebing Lane, Punggol, Northeast, 828824, Singapore",
1.3992664,103.9023044,368918172,,"Blk 204A, Punggol Place, Punggol, Northeast, 820108, Singapore",
1.3937647,103.9011966,242941606,,"Punggol Road, Sengkang, Northeast, 548672, Singapore",
1.4007421,103.901586,368918181,,"Punggol Sails, 208C, Punggol Place, Punggol, Northeast, 823208, Singapore",
1.3931292,103.9152363,1840905904,,"Punggol East, Punggol, Northeast, 828824, Singapore",
1.3941232,103.9013277,242941626,traffic_signals,"Compassvale Street, Sengkang, Northeast, 543297, Singapore",
1.3939332,103.9171349,1840905924,,"Punggol Police Centre, Tebing Lane, Punggol, Northeast, 828836, Singapore",
1.418109,103.9118807,5740855024,traffic_signals,"New Punggol Road, Punggol, Northeast, 820447, Singapore",
1.4181192,103.9117522,5740855029,traffic_signals,"New Punggol Road, Punggol, Northeast, 820447, Singapore",
1.4179983,103.9117363,5740855030,traffic_signals,"Northshore Drive, Punggol, Northeast, 820447, Singapore",
1.4179849,103.9118636,5740855031,traffic_signals,"New Punggol Road, Punggol, Northeast, 820447, Singapore",
1.3965386,103.9033475,242941694,traffic_signals,"Punggol Road, Punggol, Northeast, 820136, Singapore",
1.3921061,103.8979907,3063316239,,"257A, Compassvale Road, Sengkang, Northeast, 541257, Singapore",
1.3973098,103.9037434,242941719,traffic_signals,"Punggol Road, Punggol, Northeast, 820136, Singapore",
1.3921199,103.8981406,3063316378,,"Compassvale Road, Sengkang, Northeast, 540248, Singapore",
